country,begin,end,name,url
CHN,2001-01-01,2001-01-01,元旦,
CHN,2001-01-22,2001-02-02,春节,
CHN,2001-05-01,2001-05-07,劳动节,
CHN,2001-10-01,2001-10-05,国庆节,
CHN,2002-01-01,2002-01-01,元旦,http://www.shfe.com.cn/news/notice/31263810.html
CHN,2002-02-11,2002-02-18,春节,http://www.shfe.com.cn/news/notice/3084079.html
CHN,2002-05-01,2002-05-07,劳动节,http://www.shfe.com.cn/news/notice/3084079.html
CHN,2002-09-30,2002-10-07,国庆节,http://www.shfe.com.cn/news/notice/3084079.html
CHN,2003-01-01,2003-01-01,元旦,http://www.shfe.com.cn/news/notice/31263810.html
CHN,2003-01-30,2003-02-07,春节,http://www.shfe.com.cn/news/notice/31263810.html
CHN,2003-05-01,2003-05-07,劳动节,http://www.shfe.com.cn/news/notice/31263810.html
CHN,2003-10-01,2003-10-07,国庆节,http://www.shfe.com.cn/news/notice/31263810.html
CHN,2004-01-01,2004-01-01,元旦,http://www.shfe.com.cn/news/notice/311256883.html
CHN,2004-01-19,2004-01-28,春节,http://www.shfe.com.cn/news/notice/311256883.html
CHN,2004-05-01,2004-05-07,劳动节,http://www.shfe.com.cn/news/notice/311256883.html
CHN,2004-10-01,2004-10-07,国庆节,http://www.shfe.com.cn/news/notice/311256883.html
CHN,2005-01-01,2005-01-03,元旦,http://www.szse.cn/disclosure/notice/general/t20041223_499349.html
CHN,2005-02-07,2005-02-15,春节,http://www.szse.cn/disclosure/notice/general/t20041223_499349.html
CHN,2005-05-01,2005-05-08,劳动节,http://www.szse.cn/disclosure/notice/general/t20041223_499349.html
CHN,2005-10-01,2005-10-09,国庆节,http://www.szse.cn/disclosure/notice/general/t20041223_499349.html
CHN,2006-01-01,2006-01-03,元旦,http://www.szse.cn/disclosure/notice/general/t20051223_499514.html
CHN,2006-01-26,2006-02-05,春节,http://www.szse.cn/disclosure/notice/general/t20051223_499514.html
CHN,2006-05-01,2006-05-07,劳动节,http://www.szse.cn/disclosure/notice/general/t20051223_499514.html
CHN,2006-10-01,2006-10-08,国庆节,http://www.szse.cn/disclosure/notice/general/t20051223_499514.html
CHN,2007-01-01,2007-01-03,元旦,http://www.szse.cn/disclosure/notice/general/t20061221_499734.html
CHN,2007-02-17,2007-02-25,春节,http://www.szse.cn/disclosure/notice/general/t20061221_499734.html
CHN,2007-05-01,2007-05-07,劳动节,http://www.szse.cn/disclosure/notice/general/t20061221_499734.html
CHN,2007-10-01,2007-10-07,国庆节,http://www.szse.cn/disclosure/notice/general/t20061221_499734.html
CHN,2007-12-30,2008-01-01,元旦,http://www.szse.cn/disclosure/notice/general/t20071225_499949.html
CHN,2008-02-06,2008-02-12,春节,http://www.szse.cn/disclosure/notice/general/t20071225_499949.html
CHN,2008-04-04,2008-04-06,清明节,http://www.szse.cn/disclosure/notice/general/t20071225_499949.html
CHN,2008-05-01,2008-05-03,劳动节,http://www.szse.cn/disclosure/notice/general/t20071225_499949.html
CHN,2008-06-07,2008-06-09,端午节,http://www.szse.cn/disclosure/notice/general/t20071225_499949.html
CHN,2008-09-13,2008-09-15,中秋节,http://www.szse.cn/disclosure/notice/general/t20071225_499949.html
CHN,2008-09-29,2008-10-05,国庆节,http://www.szse.cn/disclosure/notice/general/t20071225_499949.html
CHN,2009-01-01,2009-01-03,元旦,http://www.szse.cn/disclosure/notice/general/t20071225_499949.html
CHN,2009-01-25,2009-01-31,春节,http://www.szse.cn/disclosure/notice/general/t20071225_499949.html
CHN,2009-04-04,2009-04-06,清明节,http://www.szse.cn/disclosure/notice/general/t20071225_499949.html
CHN,2009-05-01,2009-05-03,劳动节,http://www.szse.cn/disclosure/notice/general/t20071225_499949.html
CHN,2009-05-28,2009-05-30,端午节,http://www.szse.cn/disclosure/notice/general/t20071225_499949.html
CHN,2009-10-01,2009-10-08,中秋节、国庆节,http://www.szse.cn/disclosure/notice/general/t20071225_499949.html
CHN,2010-01-01,2010-01-03,元旦,http://www.szse.cn/disclosure/notice/t20091223_500314.html
CHN,2010-02-13,2010-02-19,春节,http://www.szse.cn/disclosure/notice/t20091223_500314.html
CHN,2010-04-03,2010-04-05,清明节,http://www.szse.cn/disclosure/notice/t20091223_500314.html
CHN,2010-05-01,2010-05-03,劳动节,http://www.szse.cn/disclosure/notice/t20091223_500314.html
CHN,2010-06-14,2010-06-16,端午节,http://www.szse.cn/disclosure/notice/t20091223_500314.html
CHN,2010-09-22,2010-09-24,中秋节,http://www.szse.cn/disclosure/notice/t20091223_500314.html
CHN,2010-10-01,2010-10-07,国庆节,http://www.szse.cn/disclosure/notice/t20091223_500314.html
CHN,2011-01-01,2011-01-03,元旦,http://www.szse.cn/disclosure/notice/general/t20101227_500628.html
CHN,2011-02-02,2011-02-08,春节,http://www.szse.cn/disclosure/notice/general/t20101227_500628.html
CHN,2011-04-03,2011-04-05,清明节,http://www.szse.cn/disclosure/notice/general/t20101227_500628.html
CHN,2011-04-30,2011-05-02,劳动节,http://www.szse.cn/disclosure/notice/general/t20101227_500628.html
CHN,2011-06-04,2011-06-06,端午节,http://www.szse.cn/disclosure/notice/general/t20101227_500628.html
CHN,2011-09-10,2011-09-12,中秋节,http://www.szse.cn/disclosure/notice/general/t20101227_500628.html
CHN,2011-10-01,2011-10-07,国庆节,http://www.szse.cn/disclosure/notice/general/t20101227_500628.html
CHN,2012-01-01,2012-01-03,元旦,http://www.szse.cn/disclosure/notice/general/t20111226_500868.html
CHN,2012-01-22,2012-01-28,春节,http://www.szse.cn/disclosure/notice/general/t20111226_500868.html
CHN,2012-04-02,2012-04-04,清明节,http://www.szse.cn/disclosure/notice/general/t20111226_500868.html
CHN,2012-04-29,2012-05-01,劳动节,http://www.szse.cn/disclosure/notice/general/t20111226_500868.html
CHN,2012-06-22,2012-06-24,端午节,http://www.szse.cn/disclosure/notice/general/t20111226_500868.html
CHN,2012-09-30,2012-10-07,中秋节、国庆节,http://www.szse.cn/disclosure/notice/general/t20111226_500868.html
CHN,2013-01-03,2013-01-03,元旦,http://www.szse.cn/disclosure/notice/general/t20121225_501056.html
CHN,2013-02-09,2013-02-15,春节,http://www.szse.cn/disclosure/notice/general/t20121225_501056.html
CHN,2013-04-04,2013-04-06,清明节,http://www.szse.cn/disclosure/notice/general/t20121225_501056.html
CHN,2013-04-29,2013-05-01,劳动节,http://www.szse.cn/disclosure/notice/general/t20121225_501056.html
CHN,2013-06-10,2013-06-12,端午节,http://www.szse.cn/disclosure/notice/general/t20121225_501056.html
CHN,2013-09-19,2013-09-21,中秋节,http://www.szse.cn/disclosure/notice/general/t20121225_501056.html
CHN,2013-10-01,2013-10-07,国庆节,http://www.szse.cn/disclosure/notice/general/t20121225_501056.html
CHN,2014-01-01,2014-01-01,元旦,http://www.szse.cn/disclosure/notice/general/t20131225_501163.html
CHN,2014-01-31,2014-02-06,元旦,http://www.szse.cn/disclosure/notice/general/t20131225_501163.html
CHN,2014-04-05,2014-04-07,清明节,http://www.szse.cn/disclosure/notice/general/t20131225_501163.html
CHN,2014-05-01,2014-05-03,劳动节,http://www.szse.cn/disclosure/notice/general/t20131225_501163.html
CHN,2014-05-31,2014-06-02,端午节,http://www.szse.cn/disclosure/notice/general/t20131225_501163.html
CHN,2014-09-06,2014-09-08,中秋节,http://www.szse.cn/disclosure/notice/general/t20131225_501163.html
CHN,2014-10-01,2014-10-07,国庆节,http://www.szse.cn/disclosure/notice/general/t20131225_501163.html
CHN,2015-01-01,2015-01-03,元旦,http://www.szse.cn/disclosure/notice/general/t20141224_501340.html
CHN,2015-02-18,2015-02-24,春节,http://www.szse.cn/disclosure/notice/general/t20141224_501340.html
CHN,2015-04-05,2015-04-06,清明节,http://www.szse.cn/disclosure/notice/general/t20141224_501340.html
CHN,2015-05-01,2015-05-01,劳动节,http://www.szse.cn/disclosure/notice/general/t20141224_501340.html
CHN,2015-06-20,2015-06-22,端午节,http://www.szse.cn/disclosure/notice/general/t20141224_501340.html
CHN,2015-09-03,2015-09-05,抗战胜利70周年纪念日,http://www.szse.cn/disclosure/notice/general/t20150721_501527.html
CHN,2015-09-27,2015-09-27,中秋节,http://www.szse.cn/disclosure/notice/general/t20141224_501340.html
CHN,2015-10-01,2015-10-07,国庆节,http://www.szse.cn/disclosure/notice/general/t20141224_501340.html
CHN,2016-01-01,2016-01-03,元旦,http://www.szse.cn/disclosure/notice/general/t20151224_501645.html
CHN,2016-02-07,2016-02-13,春节,http://www.szse.cn/disclosure/notice/general/t20151224_501645.html
CHN,2016-04-02,2016-04-04,清明节,http://www.szse.cn/disclosure/notice/general/t20151224_501645.html
CHN,2016-04-30,2016-05-02,劳动节,http://www.szse.cn/disclosure/notice/general/t20151224_501645.html
CHN,2016-06-09,2016-06-11,端午节,http://www.szse.cn/disclosure/notice/general/t20151224_501645.html
CHN,2016-09-15,2016-09-17,中秋节,http://www.szse.cn/disclosure/notice/general/t20151224_501645.html
CHN,2016-10-01,2016-10-07,国庆节,http://www.szse.cn/disclosure/notice/general/t20151224_501645.html
CHN,2017-01-01,2017-01-02,元旦,http://www.szse.cn/disclosure/notice/general/t20161222_501883.html
CHN,2017-01-27,2017-02-02,春节,http://www.szse.cn/disclosure/notice/general/t20161222_501883.html
CHN,2017-04-02,2017-04-04,清明节,http://www.szse.cn/disclosure/notice/general/t20161222_501883.html
CHN,2017-04-29,2017-05-01,劳动节,http://www.szse.cn/disclosure/notice/general/t20161222_501883.html
CHN,2017-05-28,2017-05-30,端午节,http://www.szse.cn/disclosure/notice/general/t20161222_501883.html
CHN,2017-10-01,2017-10-08,中秋节、国庆节,http://www.szse.cn/disclosure/notice/general/t20161222_501883.html
CHN,2018-01-01,2018-01-01,元旦,http://www.szse.cn/disclosure/notice/general/t20171222_502255.html
CHN,2018-02-15,2018-02-21,春节,http://www.szse.cn/disclosure/notice/general/t20171222_502255.html
CHN,2018-04-05,2018-04-07,清明节,http://www.szse.cn/disclosure/notice/general/t20171222_502255.html
CHN,2018-04-29,2018-05-01,劳动节,http://www.szse.cn/disclosure/notice/general/t20171222_502255.html
CHN,2018-06-16,2018-06-18,端午节,http://www.szse.cn/disclosure/notice/general/t20171222_502255.html
CHN,2018-09-22,2018-09-24,中秋节,http://www.szse.cn/disclosure/notice/general/t20171222_502255.html
CHN,2018-10-01,2018-10-07,国庆节,http://www.szse.cn/disclosure/notice/general/t20171222_502255.html
CHN,2018-12-30,2019-01-01,元旦,http://www.cffex.com.cn/jysgg/20181221/23450.html
CHN,2019-02-04,2019-02-10,春节,http://www.cffex.com.cn/jysgg/20181221/23450.html
CHN,2019-04-05,2019-04-05,清明节,http://www.cffex.com.cn/jysgg/20181221/23450.html
CHN,2019-05-01,2019-05-04,劳动节,http://www.szse.cn/disclosure/notice/general/t20190418_566376.html
CHN,2019-06-07,2019-06-07,端午节,http://www.cffex.com.cn/jysgg/20181221/23450.html
CHN,2019-09-13,2019-09-13,中秋节,http://www.cffex.com.cn/jysgg/20181221/23450.html
CHN,2019-10-01,2019-10-07,国庆节,http://www.cffex.com.cn/jysgg/20181221/23450.html
CHN,2020-01-01,2020-01-01,元旦,http://www.szse.cn/disclosure/notice/general/t20191220_572766.html
CHN,2020-01-24,2020-01-30,春节,http://www.szse.cn/disclosure/notice/general/t20191220_572766.html
CHN,2020-01-31,2020-02-02,延长春节,http://www.szse.cn/disclosure/notice/general/t20200127_573917.html
CHN,2020-04-04,2020-04-06,清明节,http://www.szse.cn/disclosure/notice/general/t20191220_572766.html
CHN,2020-05-01,2020-05-05,劳动节,http://www.szse.cn/disclosure/notice/general/t20191220_572766.html
CHN,2020-06-25,2020-06-27,端午节,http://www.szse.cn/disclosure/notice/general/t20191220_572766.html
CHN,2020-10-01,2020-10-08,中秋节、国庆节,http://www.szse.cn/disclosure/notice/general/t20200917_581610.html
CHN,2021-01-01,2021-01-03,元旦,http://www.szse.cn/disclosure/notice/general/t20201224_583950.html
CHN,2021-02-11,2021-02-17,春节,http://www.szse.cn/disclosure/notice/general/t20201224_583950.html
CHN,2021-04-03,2021-04-05,清明节,http://www.szse.cn/disclosure/notice/general/t20201224_583950.html
CHN,2021-05-01,2021-05-05,劳动节,http://www.szse.cn/disclosure/notice/general/t20201224_583950.html
CHN,2021-06-12,2021-06-14,端午节,http://www.szse.cn/disclosure/notice/general/t20201224_583950.html
CHN,2021-09-19,2021-09-21,中秋节,http://www.szse.cn/disclosure/notice/general/t20201224_583950.html
CHN,2021-10-01,2021-10-07,国庆节,http://www.szse.cn/disclosure/notice/general/t20201224_583950.html